#{"t_start": 1632731753.3759844, "env_id": "LunarLander-v2"}
r,l,t
137.231405,787,3.357683
108.616943,802,7.367871
202.187269,728,11.43804
230.520028,494,14.07113
176.816697,656,17.659237
22.287621,1000,22.642465
225.854596,387,24.196095
-56.673665,1000,29.396945
104.144766,906,34.091219
201.266051,525,37.139372
